pmid,title
DEMO00000,Demo paper on AI in healthcare 0
DEMO00001,Demo paper on AI in healthcare 1
DEMO00002,Demo paper on AI in healthcare 2
DEMO00003,Demo paper on AI in healthcare 3
DEMO00004,Demo paper on AI in healthcare 4
DEMO00005,Demo paper on AI in healthcare 5
DEMO00006,Demo paper on AI in healthcare 6
DEMO00007,Demo paper on AI in healthcare 7
DEMO00008,Demo paper on AI in healthcare 8
DEMO00009,Demo paper on AI in healthcare 9
DEMO00010,Demo paper on AI in healthcare 10
DEMO00011,Demo paper on AI in healthcare 11
DEMO00012,Demo paper on AI in healthcare 12
DEMO00013,Demo paper on AI in healthcare 13
DEMO00014,Demo paper on AI in healthcare 14
DEMO00015,Demo paper on AI in healthcare 15
DEMO00016,Demo paper on AI in healthcare 16
DEMO00017,Demo paper on AI in healthcare 17
DEMO00018,Demo paper on AI in healthcare 18
DEMO00019,Demo paper on AI in healthcare 19
DEMO00020,Demo paper on AI in healthcare 20
DEMO00021,Demo paper on AI in healthcare 21
DEMO00022,Demo paper on AI in healthcare 22
DEMO00023,Demo paper on AI in healthcare 23
DEMO00024,Demo paper on AI in healthcare 24
DEMO00025,Demo paper on AI in healthcare 25
DEMO00026,Demo paper on AI in healthcare 26
DEMO00027,Demo paper on AI in healthcare 27
DEMO00028,Demo paper on AI in healthcare 28
DEMO00029,Demo paper on AI in healthcare 29
DEMO00030,Demo paper on AI in healthcare 30
DEMO00031,Demo paper on AI in healthcare 31
DEMO00032,Demo paper on AI in healthcare 32
DEMO00033,Demo paper on AI in healthcare 33
DEMO00034,Demo paper on AI in healthcare 34
DEMO00035,Demo paper on AI in healthcare 35
DEMO00036,Demo paper on AI in healthcare 36
DEMO00037,Demo paper on AI in healthcare 37
DEMO00038,Demo paper on AI in healthcare 38
DEMO00039,Demo paper on AI in healthcare 39
DEMO00040,Demo paper on AI in healthcare 40
DEMO00041,Demo paper on AI in healthcare 41
DEMO00042,Demo paper on AI in healthcare 42
DEMO00043,Demo paper on AI in healthcare 43
DEMO00044,Demo paper on AI in healthcare 44
DEMO00045,Demo paper on AI in healthcare 45
DEMO00046,Demo paper on AI in healthcare 46
DEMO00047,Demo paper on AI in healthcare 47
DEMO00048,Demo paper on AI in healthcare 48
DEMO00049,Demo paper on AI in healthcare 49
DEMO00050,Demo paper on AI in healthcare 50
DEMO00051,Demo paper on AI in healthcare 51
DEMO00052,Demo paper on AI in healthcare 52
DEMO00053,Demo paper on AI in healthcare 53
DEMO00054,Demo paper on AI in healthcare 54
DEMO00055,Demo paper on AI in healthcare 55
DEMO00056,Demo paper on AI in healthcare 56
DEMO00057,Demo paper on AI in healthcare 57
DEMO00058,Demo paper on AI in healthcare 58
DEMO00059,Demo paper on AI in healthcare 59
DEMO00060,Demo paper on AI in healthcare 60
DEMO00061,Demo paper on AI in healthcare 61
DEMO00062,Demo paper on AI in healthcare 62
DEMO00063,Demo paper on AI in healthcare 63
DEMO00064,Demo paper on AI in healthcare 64
DEMO00065,Demo paper on AI in healthcare 65
DEMO00066,Demo paper on AI in healthcare 66
DEMO00067,Demo paper on AI in healthcare 67
DEMO00068,Demo paper on AI in healthcare 68
DEMO00069,Demo paper on AI in healthcare 69
DEMO00070,Demo paper on AI in healthcare 70
DEMO00071,Demo paper on AI in healthcare 71
DEMO00072,Demo paper on AI in healthcare 72
DEMO00073,Demo paper on AI in healthcare 73
DEMO00074,Demo paper on AI in healthcare 74
DEMO00075,Demo paper on AI in healthcare 75
DEMO00076,Demo paper on AI in healthcare 76
DEMO00077,Demo paper on AI in healthcare 77
DEMO00078,Demo paper on AI in healthcare 78
DEMO00079,Demo paper on AI in healthcare 79
